{
    "Version": "2012-10-17",
    "Statement": {
        "Sid": "AllowList",
        "Effect": "Deny",
        "NotAction": [
            "account:*",
            "acm:*",
            "amplify:*",
            "amplifybackend:*",
            "apigateway:*",
            "application-autoscaling:*",
            "appmesh:*",
            "appstream:*",
            "appsync:*",
            "athena:*",
            "autoscaling:*",
            "autoscaling-plans:*",
            "aws-portal:*",
            "backup:*",
            "batch:*",
            "cassandra:*",
            "chatbot:*",
            "clouddirectory:*",
            "cloudformation:*",
            "cloudfront:*",
            "cloudhsm:*",
            "cloudtrail:*",
            "cloudwatch:*",
            "codebuild:*",
            "codecommit:*",
            "codedeploy:*",
            "codepipeline:*",
            "cognito-identity:*",
            "cognito-idp:*",
            "cognito-sync:*",
            "comprehend:*",
            "comprehendmedical:*",
            "config:*",
            "connect:*",
            "databrew:*",
            "dataexchange:*",
            "datasync:*",
            "directconnect:*",
            "dms:*",
            "ds:*",
            "dynamodb:*",
            "ebs:*",
            "ec2:*",
            "ecr:*",
            "ecs:*",
            "eks:*",
            "elasticache:*",
            "elasticbeanstalk:*",
            "elasticfilesystem:*",
            "elasticloadbalancing:*",
            "elasticmapreduce:*",
            "es:*",
            "events:*",
            "execute-api:*",
            "firehose:*",
            "fms:*",
            "forecast:*",
            "freertos:*",
            "fsx:*",
            "glacier:*",
            "globalaccelerator:*",
            "glue:*",
            "greengrass:*",
            "groundstation:*",
            "guardduty:*",
            "health:*",
            "iam:*",
            "importexport:*",
            "inspector:*",
            "iot:*",
            "iot-device-tester:*",
            "iotdeviceadvisor:*",
            "iotevents:*",
            "iotwireless:*",
            "kendra:*",
            "kinesis:*",
            "kinesisanalytics:*",
            "kinesisvideo:*",
            "kms:*",
            "lakeformation:*",
            "lambda:*",
            "lex:*",
            "license-manager:*",
            "logs:*",
            "macie:*",
            "macie2:*",
            "mediaconnect:*",
            "mediaconvert:*",
            "medialive:*",
            "mobiletargeting:*",
            "mq:*",
            "neptune-db:*",
            "opsworks:*",
            "opsworks-cm:*",
            "organizations:*",
            "outposts:*",
            "personalize:*",
            "polly:*",
            "qldb:*",
            "quicksight:*",
            "rds:*",
            "rds-data:*",
            "rds-db:*",
            "redshift:*",
            "rekognition:*",
            "resource-groups:*",
            "robomaker:*",
            "route53:*",
            "route53domains:*",
            "s3:*",
            "sagemaker:*",
            "sdb:*",
            "secretsmanager:*",
            "securityhub:*",
            "serverlessrepo:*",
            "servicecatalog:*",
            "servicediscovery:*",
            "shield:*",
            "sms:*",
            "sms-voice:*",
            "snowball:*",
            "sns:*",
            "sqs:*",
            "ssm:*",
            "states:*",
            "storagegateway:*",
            "sts:*",
            "support:*",
            "swf:*",
            "textract:*",
            "timestream:*",
            "transcribe:*",
            "transfer:*",
            "translate:*",
            "trustedadvisor:*",
            "waf:*",
            "waf-regional:*",
            "wafv2:*",
            "workdocs:*",
            "worklink:*",
            "workspaces:*",
            "xray:*"
        ],
        "Resource": "*"
    }
}
