{
    "shadow": {
        "elements": [
            {
                "name": "lightningCard",
                "selector": {
                    "css": "lightning-card"
                },
                "type": "salesforce-pageobjects/lightning/pageObjects/card"
            }
        ]
    },
    "methods": [
        {
            "name": "getText",
            "compose": [
                {
                    "element": "lightningCard",
                    "apply": "getBodyText",
                    "returnType": "string"
                }
            ]
        }
    ]
}
