{
    "Version": "2012-10-17",
    "Statement": {
        "Sid": "AllowList",
        "Effect": "Deny",
        "Resource": "*",
        "NotAction": [
            "account:*",
            "acm:*",
            "apigateway:*",
            "application-autoscaling:*",
            "appstream:*",
            "athena:*",
            "autoscaling:*",
            "autoscaling-plans:*",
            "aws-portal:*",
            "batch:*",
            "clouddirectory:*",
            "cloudformation:*",
            "cloudfront:*",
            "cloudtrail:*",
            "cloudwatch:*",
            "codebuild:*",
            "codecommit:*",
            "codedeploy:*",
            "cognito-identity:*",
            "cognito-idp:*",
            "cognito-sync:*",
            "comprehend:*",
            "config:*",
            "connect:*",
            "datasync:*",
            "directconnect:*",
            "dms:*",
            "ds:*",
            "dynamodb:*",
            "ebs:*",
            "ec2:*",
            "ecr:*",
            "ecs:*",
            "eks:*",
            "elasticache:*",
            "elasticbeanstalk:*",
            "elasticfilesystem:*",
            "elasticloadbalancing:*",
            "elasticmapreduce:*",
            "es:*",
            "events:*",
            "execute-api:*",
            "firehose:*",
            "glacier:*",
            "glue:*",
            "greengrass:*",
            "guardduty:*",
            "iam:*",
            "importexport:*",
            "inspector:*",
            "iot:*",
            "iot-device-tester:*",
            "iotdeviceadvisor:*",
            "iotwireless:*",
            "kinesis:*",
            "kms:*",
            "lakeformation:*",
            "lambda:*",
            "logs:*",
            "macie:*",
            "macie2:*",
            "mediaconvert:*",
            "mobiletargeting:*",
            "organizations:*",
            "polly:*",
            "quicksight:*",
            "rds:*",
            "rds-data:*",
            "rds-db:*",
            "redshift:*",
            "rekognition:*",
            "route53:*",
            "route53domains:*",
            "s3:*",
            "sagemaker:*",
            "secretsmanager:*",
            "securityhub:*",
            "serverlessrepo:*",
            "servicecatalog:*",
            "shield:*",
            "sms:*",
            "snowball:*",
            "sns:*",
            "sqs:*",
            "ssm:*",
            "states:*",
            "sts:*",
            "support:*",
            "swf:*",
            "transcribe:*",
            "translate:*",
            "waf:*",
            "waf-regional:*",
            "wafv2:*",
            "workdocs:*",
            "workspaces:*"
        ]
    }
}
