{
    "root": true,
    "selector": {
        "css": "body"
    },
    "elements": [
        {
            "name": "navigationBar",
            "type": "salesforce-pageobjects/global/pageObjects/appNav",
            "public": true,
            "selector": {
                "css": "one-appnav"
            }
        },
        {
            "name": "activeFlexiPage",
            "selector": {
                "css": ".oneContent.active app_flexipage-lwc-app-flexipage"
            },
            "type": "utam-sfdx/pageObjects/appFlexipage",
            "public": true
        }
    ],
    "methods": [
        {
            "name": "getComponent",
            "compose": [
                {
                    "element": "activeFlexiPage"
                },
                {
                    "chain": true,
                    "apply": "waitForLoad",
                    "returnType": "utam-sfdx/pageObjects/appFlexipage"
                },
                {
                    "chain": true,
                    "element": "flexipageComponent2",
                    "returnType": "salesforce-pageobjects/flexipage/pageObjects/component2"
                }
            ]
        }
    ]
}
