<?xml version="1.0" encoding="UTF-8" ?>
<PermissionSet xmlns="http://soap.sforce.com/2006/04/metadata">
    <applicationVisibilities>
        <application>UTAM_Recipes</application>
        <visible>true</visible>
    </applicationVisibilities>
    <hasActivationRequired>false</hasActivationRequired>
    <label>utam</label>
    <objectPermissions>
        <allowCreate>true</allowCreate>
        <allowDelete>false</allowDelete>
        <allowEdit>false</allowEdit>
        <allowRead>true</allowRead>
        <modifyAllRecords>false</modifyAllRecords>
        <object>Account</object>
        <viewAllRecords>false</viewAllRecords>
    </objectPermissions>
    <objectPermissions>
        <allowCreate>true</allowCreate>
        <allowDelete>true</allowDelete>
        <allowEdit>true</allowEdit>
        <allowRead>true</allowRead>
        <modifyAllRecords>true</modifyAllRecords>
        <object>Contact</object>
        <viewAllRecords>true</viewAllRecords>
    </objectPermissions>
    <tabSettings>
        <tab>Hello</tab>
        <visibility>Visible</visibility>
    </tabSettings>
    <tabSettings>
        <tab>Wire</tab>
        <visibility>Visible</visibility>
    </tabSettings>
</PermissionSet>